{"Labels": {"_type": "images/separated", "width": 2000, "height": 2000, "format": "jpg", "count": 2, "captions": ["labels_correlogram.jpg", "labels.jpg"]}, "Mosaics": {"_type": "images/separated", "width": 1920, "height": 1920, "format": "jpg", "count": 3, "captions": ["train_batch0.jpg", "train_batch1.jpg", "train_batch2.jpg"]}, "train/box_loss": 0.09217707812786102, "train/obj_loss": 0.07938305288553238, "train/cls_loss": 0.01932603493332863, "metrics/precision": 0.3400183758548789, "metrics/recall": 0.2978320104112516, "metrics/mAP_0.5": 0.25746628863611404, "metrics/mAP_0.5:0.95": 0.07190221894943821, "val/box_loss": 0.0713144913315773, "val/obj_loss": 0.060567084699869156, "val/cls_loss": 0.013041924685239792, "x/lr0": 0.003330143540669857, "x/lr1": 0.003330143540669857, "x/lr2": 0.0700287081339713, "_runtime": 357, "_timestamp": 1634702480, "_step": 0}