{"Labels": {"_type": "images/separated", "width": 2000, "height": 2000, "format": "jpg", "count": 2, "captions": ["labels_correlogram.jpg", "labels.jpg"]}, "Mosaics": {"_type": "images/separated", "width": 1920, "height": 1920, "format": "jpg", "count": 3, "captions": ["train_batch0.jpg", "train_batch1.jpg", "train_batch2.jpg"]}, "train/box_loss": 0.09217560291290283, "train/obj_loss": 0.07954557240009308, "train/cls_loss": 0.019286926835775375, "metrics/precision": 0.3133047341183642, "metrics/recall": 0.30073920052546177, "metrics/mAP_0.5": 0.24874156813834156, "metrics/mAP_0.5:0.95": 0.07009887873412436, "val/box_loss": 0.07168204337358475, "val/obj_loss": 0.06075616925954819, "val/cls_loss": 0.013076046481728554, "x/lr0": 0.003330143540669857, "x/lr1": 0.003330143540669857, "x/lr2": 0.0700287081339713, "_runtime": 321, "_timestamp": 1634707690, "_step": 0}