{"Labels": {"_type": "images/separated", "width": 2000, "height": 2000, "format": "jpg", "count": 2, "captions": ["labels_correlogram.jpg", "labels.jpg"]}, "Mosaics": {"_type": "images/separated", "width": 1920, "height": 1920, "format": "jpg", "count": 3, "captions": ["train_batch0.jpg", "train_batch1.jpg", "train_batch2.jpg"]}, "train/box_loss": 0.10146041959524155, "train/obj_loss": 0.04083820804953575, "train/cls_loss": 0.052091505378484726, "metrics/precision": 0.0, "metrics/recall": 0.0, "metrics/mAP_0.5": 0.0, "metrics/mAP_0.5:0.95": 0.0, "val/box_loss": 0.0, "val/obj_loss": 0.01277896761894226, "val/cls_loss": 0.0, "x/lr0": 4.999561366949692e-05, "x/lr1": 4.999561366949692e-05, "x/lr2": 0.0950499956136695, "_runtime": 31, "_timestamp": 1635606565, "_step": 2}