{"Labels": {"_type": "images/separated", "width": 2000, "height": 2000, "format": "jpg", "count": 2, "captions": ["labels_correlogram.jpg", "labels.jpg"]}, "Mosaics": {"_type": "images/separated", "width": 1920, "height": 1920, "format": "jpg", "count": 3, "captions": ["train_batch0.jpg", "train_batch1.jpg", "train_batch2.jpg"]}, "train/box_loss": 0.0919676274061203, "train/obj_loss": 0.07893535494804382, "train/cls_loss": 0.019291048869490623, "metrics/precision": 0.3059572572976894, "metrics/recall": 0.3249196692980979, "metrics/mAP_0.5": 0.26116752765883, "metrics/mAP_0.5:0.95": 0.07648947188636024, "val/box_loss": 0.07115742564201355, "val/obj_loss": 0.05868854001164436, "val/cls_loss": 0.013064569793641567, "x/lr0": 0.003330143540669857, "x/lr1": 0.003330143540669857, "x/lr2": 0.0700287081339713, "_runtime": 322, "_timestamp": 1634704584, "_step": 0}